mean_fit_time,std_fit_time,mean_score_time,std_score_time,param_n_estimators,param_min_samples_split,param_min_samples_leaf,param_max_samples,param_max_features,param_max_depth,param_criterion,param_bootstrap,params,split0_test_score,split1_test_score,split2_test_score,split3_test_score,split4_test_score,mean_test_score,std_test_score,rank_test_score,split0_train_score,split1_train_score,split2_train_score,split3_train_score,split4_train_score,mean_train_score,std_train_score
2.184885025024414,0.15922027105149067,0.06904335021972656,0.0014837032448205857,400,20,8,0.85,sqrt,6,entropy,True,"{'n_estimators': 400, 'min_samples_split': 20, 'min_samples_leaf': 8, 'max_samples': 0.85, 'max_features': 'sqrt', 'max_depth': 6, 'criterion': 'entropy', 'bootstrap': True}",0.5135708716295604,0.577028162208837,0.5505508515533047,0.5213573955972137,0.4887479959319015,0.5302510553841635,0.03059414684473789,1,0.633411249912428,0.6365144241570391,0.6464282458644145,0.6443335386917464,0.6491770707890506,0.6419729058829357,0.006006989417543063
2.599392223358154,0.13201973574506365,0.0861961841583252,0.029443211436276862,400,40,1,0.85,0.5,5,log_loss,True,"{'n_estimators': 400, 'min_samples_split': 40, 'min_samples_leaf': 1, 'max_samples': 0.85, 'max_features': 0.5, 'max_depth': 5, 'criterion': 'log_loss', 'bootstrap': True}",0.5214636948713717,0.5678386336663228,0.5286957294797756,0.5370565882729869,0.49400040615090685,0.5298110104882727,0.023882711046904027,2,0.6013874870466259,0.5955821253908364,0.600335253031454,0.6087473568964354,0.6063341840795384,0.602477281288978,0.004636995981569043
2.9615871906280518,0.21900127906852054,0.10237560272216797,0.011729795409033352,600,40,1,0.7,sqrt,5,log_loss,True,"{'n_estimators': 600, 'min_samples_split': 40, 'min_samples_leaf': 1, 'max_samples': 0.7, 'max_features': 'sqrt', 'max_depth': 5, 'criterion': 'log_loss', 'bootstrap': True}",0.5076220714277826,0.5789523529257031,0.5351643600530828,0.5269180591517145,0.4959925548174627,0.5289298796751492,0.028579902234231153,3,0.599841096903417,0.6003110376419262,0.610742265086652,0.6099973197226187,0.6062565532087258,0.6054296545126681,0.004630407603136088
3.1222790241241456,0.3615287553948329,0.11120371818542481,0.02645831207062122,600,40,1,0.7,sqrt,5,entropy,True,"{'n_estimators': 600, 'min_samples_split': 40, 'min_samples_leaf': 1, 'max_samples': 0.7, 'max_features': 'sqrt', 'max_depth': 5, 'criterion': 'entropy', 'bootstrap': True}",0.5076220714277826,0.5789523529257031,0.5351643600530828,0.5269180591517145,0.4959925548174627,0.5289298796751492,0.028579902234231153,3,0.599841096903417,0.6003110376419262,0.610742265086652,0.6099973197226187,0.6062565532087258,0.6054296545126681,0.004630407603136088
1.7929620265960693,0.2965118615237101,0.04479107856750488,0.007621417889390986,200,40,8,0.7,0.75,8,log_loss,True,"{'n_estimators': 200, 'min_samples_split': 40, 'min_samples_leaf': 8, 'max_samples': 0.7, 'max_features': 0.75, 'max_depth': 8, 'criterion': 'log_loss', 'bootstrap': True}",0.5283015470644638,0.5611210280520962,0.5278113407556538,0.5373669591720297,0.4863774359882114,0.528195662206491,0.0241541522837005,5,0.6486635991994646,0.6305499575641769,0.6408947237405551,0.6480458983404673,0.6507192602708898,0.6437746878231108,0.007396748795927073
4.352549695968628,0.372009694417746,0.11242384910583496,0.0216400950358605,600,10,4,,0.5,5,entropy,True,"{'n_estimators': 600, 'min_samples_split': 10, 'min_samples_leaf': 4, 'max_samples': None, 'max_features': 0.5, 'max_depth': 5, 'criterion': 'entropy', 'bootstrap': True}",0.5193064319430939,0.5664744241154059,0.5396421587499893,0.5353081888352684,0.47840006490762704,0.5278262537102769,0.02899935014197984,6,0.6111824520747138,0.6117009129856807,0.6204619141889531,0.6211149826277744,0.6217403378215327,0.617240119939731,0.004754463874336638
1.640451765060425,0.14990604579931352,0.0450169563293457,0.004901458879336,200,20,2,,0.5,6,log_loss,True,"{'n_estimators': 200, 'min_samples_split': 20, 'min_samples_leaf': 2, 'max_samples': None, 'max_features': 0.5, 'max_depth': 6, 'criterion': 'log_loss', 'bootstrap': True}",0.5353452420543124,0.5742885167094421,0.5275224670965797,0.5234932376620208,0.47609687184685523,0.527349267073842,0.03133348288913143,7,0.6562924730936963,0.6496507294052,0.6526423709711416,0.662876149629914,0.668110843632067,0.6579145133464037,0.006742397359063226
3.586578035354614,0.319232646931042,0.11019201278686523,0.027639493106999265,600,20,1,0.7,0.5,5,entropy,True,"{'n_estimators': 600, 'min_samples_split': 20, 'min_samples_leaf': 1, 'max_samples': 0.7, 'max_features': 0.5, 'max_depth': 5, 'criterion': 'entropy', 'bootstrap': True}",0.5182920784561657,0.5732409176959715,0.5329403170517477,0.5298810176394158,0.4773340594624547,0.5263376780611512,0.030731580805479813,8,0.6089423461191076,0.6031301582681522,0.610401495035657,0.6174271696798415,0.6162662986898805,0.6112334935585277,0.005201852984184936
1.319178867340088,0.203134449353449,0.04163970947265625,0.005390990878797108,200,40,8,0.7,0.5,6,entropy,True,"{'n_estimators': 200, 'min_samples_split': 40, 'min_samples_leaf': 8, 'max_samples': 0.7, 'max_features': 0.5, 'max_depth': 6, 'criterion': 'entropy', 'bootstrap': True}",0.5148869240516112,0.5656862898135167,0.5334008323631894,0.5246073084198781,0.49100454486538075,0.5259171799027152,0.0244125441113336,9,0.6123433149607106,0.6068063314325516,0.6124323138499198,0.6159659463768465,0.6218656286781635,0.6138827070596384,0.004952078031149049
4.09232497215271,0.42369648395292503,0.12129883766174317,0.014201692441889643,600,40,8,0.7,0.5,8,gini,True,"{'n_estimators': 600, 'min_samples_split': 40, 'min_samples_leaf': 8, 'max_samples': 0.7, 'max_features': 0.5, 'max_depth': 8, 'criterion': 'gini', 'bootstrap': True}",0.5155426621118134,0.5775655164579085,0.538868551395764,0.5206810631488832,0.47537730591422755,0.5256070198057194,0.03323893529241375,10,0.6452136175840159,0.6353625234346686,0.6456840695484234,0.6498920536299051,0.6556796229622668,0.646366377431856,0.006664024865938158
6.4716980934143065,0.6365390392882557,0.17274837493896483,0.043209625351353156,800,40,8,0.85,0.75,6,gini,True,"{'n_estimators': 800, 'min_samples_split': 40, 'min_samples_leaf': 8, 'max_samples': 0.85, 'max_features': 0.75, 'max_depth': 6, 'criterion': 'gini', 'bootstrap': True}",0.5210907206120043,0.5631139266678653,0.5318172841255651,0.5314575765113979,0.47959635898362013,0.5254151733800906,0.026895197718152863,11,0.6192505282143698,0.6138212285259148,0.621612708932171,0.6304748543088506,0.6321865139717231,0.6234691667906059,0.006919506621945887
3.6225462436676024,0.5442905875906062,0.13517341613769532,0.022938900122805896,600,10,8,0.7,sqrt,10,entropy,True,"{'n_estimators': 600, 'min_samples_split': 10, 'min_samples_leaf': 8, 'max_samples': 0.7, 'max_features': 'sqrt', 'max_depth': 10, 'criterion': 'entropy', 'bootstrap': True}",0.5086927258913101,0.5755655634889323,0.5413190271788788,0.5156640735911701,0.4856793945869101,0.5253841569474402,0.030729938812291326,12,0.7235841530083926,0.7149738281009241,0.7163893784895525,0.7225696497569863,0.7307125411842246,0.721645910108016,0.0056384693404731125
1.5923823356628417,0.19193591247023697,0.042343664169311526,0.006685978249916225,200,20,1,,0.5,6,log_loss,True,"{'n_estimators': 200, 'min_samples_split': 20, 'min_samples_leaf': 1, 'max_samples': None, 'max_features': 0.5, 'max_depth': 6, 'criterion': 'log_loss', 'bootstrap': True}",0.5290618358017644,0.5773377136171969,0.5291676761460662,0.5179464429022781,0.4710809287558796,0.524918919444637,0.03385288862856984,13,0.6570808926763536,0.6494493772697313,0.6554353991445294,0.6655535486388412,0.6686707789359666,0.6592379993330845,0.00698274291796096
2.153507423400879,0.3379212002967176,0.07116231918334961,0.00919986255356559,400,5,2,0.7,sqrt,5,entropy,True,"{'n_estimators': 400, 'min_samples_split': 5, 'min_samples_leaf': 2, 'max_samples': 0.7, 'max_features': 'sqrt', 'max_depth': 5, 'criterion': 'entropy', 'bootstrap': True}",0.5057716151664721,0.5650681983103659,0.5412051031019146,0.5210991384631581,0.4896220420795703,0.5245532194242962,0.026471173863748153,14,0.6151720935675401,0.6166867014976823,0.6257673255403293,0.6260601542925612,0.6274664312081404,0.6222305412212507,0.005198945387503733
5.7685318946838375,0.731365872386158,0.15488576889038086,0.0395222355825172,800,20,4,,0.5,6,gini,True,"{'n_estimators': 800, 'min_samples_split': 20, 'min_samples_leaf': 4, 'max_samples': None, 'max_features': 0.5, 'max_depth': 6, 'criterion': 'gini', 'bootstrap': True}",0.5105373836740938,0.5767544091028938,0.5403470042367196,0.5259750697460447,0.46816653884154186,0.5243560811202588,0.035643054252583725,15,0.6532015729123527,0.6490046940500963,0.6526569309626205,0.6612819968460146,0.6674891770974247,0.6567268743737017,0.006711193029080562
1.8430703639984132,0.133704805910053,0.03870468139648438,0.00334508715456232,200,10,2,,0.75,6,log_loss,True,"{'n_estimators': 200, 'min_samples_split': 10, 'min_samples_leaf': 2, 'max_samples': None, 'max_features': 0.75, 'max_depth': 6, 'criterion': 'log_loss', 'bootstrap': True}",0.5333670622561835,0.5585507885426098,0.5339128671998511,0.5206383310686963,0.47352603099645085,0.5239990160127583,0.02806665687424497,16,0.6734361769522164,0.6678040776048517,0.6786590185514905,0.6843160670924124,0.6817313742650124,0.6771893428931967,0.005928737680956621
4.746379089355469,0.40243024761619295,0.1317049026489258,0.03887908286344215,600,40,4,0.7,0.75,8,gini,True,"{'n_estimators': 600, 'min_samples_split': 40, 'min_samples_leaf': 4, 'max_samples': 0.7, 'max_features': 0.75, 'max_depth': 8, 'criterion': 'gini', 'bootstrap': True}",0.5282274033595786,0.5760072845720109,0.5148706742576807,0.5182024185409325,0.48041787020556653,0.5235451301871538,0.030782958375335685,17,0.6567640743193474,0.6435159958878619,0.6490492906318333,0.6619003809701808,0.669522411246269,0.6561504306110985,0.009190250090403463
4.627914333343506,0.5557053272858611,0.12752742767333985,0.010488045800833108,600,20,2,0.7,0.5,,entropy,True,"{'n_estimators': 600, 'min_samples_split': 20, 'min_samples_leaf': 2, 'max_samples': 0.7, 'max_features': 0.5, 'max_depth': None, 'criterion': 'entropy', 'bootstrap': True}",0.5234112908694625,0.5710903234310667,0.5266867161305094,0.5182711097264142,0.4750899723693238,0.5229098825053553,0.030476655947424505,18,0.7994030695229526,0.7878262294681582,0.7947742626380266,0.7999390327340289,0.8062556934833538,0.7976396575693041,0.0061179519767184986
6.484834051132202,0.38947011201897497,0.16035075187683107,0.02437537205163753,800,10,4,,0.5,6,log_loss,True,"{'n_estimators': 800, 'min_samples_split': 10, 'min_samples_leaf': 4, 'max_samples': None, 'max_features': 0.5, 'max_depth': 6, 'criterion': 'log_loss', 'bootstrap': True}",0.5144039146296895,0.572583204680643,0.5279451325967142,0.5324188041252461,0.4650154540894942,0.5224733020243574,0.03465941600288405,19,0.6615247288513177,0.6578849518790131,0.6631117156451445,0.6715117875557438,0.672043744747816,0.6652153857358071,0.00562232690784154
1.4635499000549317,0.18641794243171592,0.04219808578491211,0.005603780128493823,200,10,2,0.85,0.5,6,entropy,True,"{'n_estimators': 200, 'min_samples_split': 10, 'min_samples_leaf': 2, 'max_samples': 0.85, 'max_features': 0.5, 'max_depth': 6, 'criterion': 'entropy', 'bootstrap': True}",0.5224860555973107,0.5753219050548334,0.5333527227145695,0.5148649211724293,0.46550125156383326,0.5223053712205952,0.03525591521595009,20,0.6609962314356023,0.6587441964123814,0.6586707491696948,0.6747635987786689,0.6749668354569062,0.6656283222506507,0.007588364556340097
1.4284810543060302,0.15381280677990036,0.03798670768737793,0.007200828058431113,200,5,4,0.7,0.75,5,gini,True,"{'n_estimators': 200, 'min_samples_split': 5, 'min_samples_leaf': 4, 'max_samples': 0.7, 'max_features': 0.75, 'max_depth': 5, 'criterion': 'gini', 'bootstrap': True}",0.5182318533893263,0.563162991593887,0.536827962707315,0.5129345852658157,0.47668120531581537,0.5215677196544319,0.02850789311166891,21,0.6111690963166498,0.6150074046284777,0.6128632866781996,0.6224091585175157,0.6237027936425378,0.6170303479566761,0.005084566936830802
4.080281925201416,0.2656397637058617,0.11161847114562988,0.024657230079062693,400,40,8,0.85,,8,gini,True,"{'n_estimators': 400, 'min_samples_split': 40, 'min_samples_leaf': 8, 'max_samples': 0.85, 'max_features': None, 'max_depth': 8, 'criterion': 'gini', 'bootstrap': True}",0.532960459295399,0.5554060187001886,0.5101448943844314,0.5239954176763398,0.4850045186417343,0.5215022617396187,0.02344374500063218,22,0.6523019700886072,0.6461787487634644,0.6509350674414123,0.6574218104652588,0.6632580870218974,0.6540191367561281,0.005845822767783668
2.0767394065856934,0.09025893042453528,0.08014955520629882,0.009994024496005538,400,10,4,0.7,sqrt,8,entropy,True,"{'n_estimators': 400, 'min_samples_split': 10, 'min_samples_leaf': 4, 'max_samples': 0.7, 'max_features': 'sqrt', 'max_depth': 8, 'criterion': 'entropy', 'bootstrap': True}",0.5022900628535956,0.5611176646526419,0.5368627811641333,0.5227598236487756,0.4842033964073804,0.5214467457453054,0.026710318971842523,23,0.7270567339167018,0.7206820380757275,0.7271586439517108,0.7367831004290653,0.7399051894895816,0.7303171411725573,0.007031086281522693
6.25932765007019,0.6643894280208722,0.17184624671936036,0.025943389862158276,800,20,8,0.7,0.75,8,gini,True,"{'n_estimators': 800, 'min_samples_split': 20, 'min_samples_leaf': 8, 'max_samples': 0.7, 'max_features': 0.75, 'max_depth': 8, 'criterion': 'gini', 'bootstrap': True}",0.5142434235410341,0.5615101000882841,0.5315054100410275,0.5199871926875077,0.4782462941533432,0.5210984841022392,0.026929314218603822,24,0.6894868159332707,0.677719448863399,0.6807065468061253,0.6898406381654353,0.6963938433457865,0.6868294586228034,0.006754088127555795
3.091609001159668,0.2987973670380905,0.08890886306762695,0.014838080147187722,400,20,8,0.85,0.5,10,gini,True,"{'n_estimators': 400, 'min_samples_split': 20, 'min_samples_leaf': 8, 'max_samples': 0.85, 'max_features': 0.5, 'max_depth': 10, 'criterion': 'gini', 'bootstrap': True}",0.5079668888497308,0.5687528267579515,0.5342596946101165,0.516178705176901,0.47580242718375576,0.520592108515691,0.030630858772551024,25,0.7365666956803535,0.7186575534110747,0.7233668074987051,0.7302791115730201,0.7419658759197937,0.7301672088165894,0.008472214886280879
2.2732035636901857,0.2666933145312101,0.0852585792541504,0.01402569941922084,400,10,2,,sqrt,6,gini,True,"{'n_estimators': 400, 'min_samples_split': 10, 'min_samples_leaf': 2, 'max_samples': None, 'max_features': 'sqrt', 'max_depth': 6, 'criterion': 'gini', 'bootstrap': True}",0.4984296100697911,0.5731399915352222,0.5410032453815502,0.5130706266225951,0.47559785375351915,0.5202482654725356,0.03391027975890335,26,0.6692591567223115,0.6736838833126503,0.6723713389495573,0.6807956955031584,0.6827967715231741,0.6757813692021702,0.00515609051493909
1.4489790439605712,0.06655260997502532,0.06576547622680665,0.025240820877722156,200,10,8,0.85,sqrt,8,log_loss,True,"{'n_estimators': 200, 'min_samples_split': 10, 'min_samples_leaf': 8, 'max_samples': 0.85, 'max_features': 'sqrt', 'max_depth': 8, 'criterion': 'log_loss', 'bootstrap': True}",0.515133569887656,0.5712864915355527,0.5348052843013814,0.5125253461760267,0.46729183376313965,0.5202085051327513,0.03378457241167394,27,0.6989588415416973,0.6902569165302177,0.6943651375605754,0.703521028999736,0.7069689607492686,0.698814177076299,0.0060282093569423
6.093533849716186,0.9437859422448694,0.1595163345336914,0.03046614129498421,800,5,8,0.85,0.75,5,gini,True,"{'n_estimators': 800, 'min_samples_split': 5, 'min_samples_leaf': 8, 'max_samples': 0.85, 'max_features': 0.75, 'max_depth': 5, 'criterion': 'gini', 'bootstrap': True}",0.5084225821261995,0.5627203926377111,0.5329757617342457,0.5194737084960313,0.47550956043328607,0.5198204010854948,0.028659915774701183,28,0.6009992231010926,0.6047701874820941,0.612496853316867,0.6152454533416355,0.6169401497611735,0.6100903734005726,0.006168287006153935
2.764357805252075,0.2584165115202469,0.10306968688964843,0.031772397588815206,400,20,4,,sqrt,10,entropy,True,"{'n_estimators': 400, 'min_samples_split': 20, 'min_samples_leaf': 4, 'max_samples': None, 'max_features': 'sqrt', 'max_depth': 10, 'criterion': 'entropy', 'bootstrap': True}",0.49975565948942036,0.5739483826814299,0.5419292099504669,0.5175271363320431,0.4654396733357856,0.5197200123578292,0.03683396231938454,29,0.7805769171389204,0.7730863760066036,0.7725002408892848,0.7829905860685009,0.7872915352083184,0.7792891310623256,0.005726444522048729
7.353556489944458,0.38162494388922535,0.13566880226135253,0.03609732050839533,800,20,8,,0.75,5,log_loss,True,"{'n_estimators': 800, 'min_samples_split': 20, 'min_samples_leaf': 8, 'max_samples': None, 'max_features': 0.75, 'max_depth': 5, 'criterion': 'log_loss', 'bootstrap': True}",0.5114551686673959,0.557735524450677,0.5274397563802806,0.5257281177359956,0.47610585732317806,0.5196928849115056,0.026500450633190908,30,0.6005256407496934,0.6049208883255792,0.609384175119565,0.6148309682047097,0.6146699616876037,0.6088663268174302,0.005561669181508077
2.9442350387573244,0.20604964420457408,0.0989100456237793,0.015277740582355514,600,5,8,0.7,sqrt,4,entropy,True,"{'n_estimators': 600, 'min_samples_split': 5, 'min_samples_leaf': 8, 'max_samples': 0.7, 'max_features': 'sqrt', 'max_depth': 4, 'criterion': 'entropy', 'bootstrap': True}",0.4834335427181609,0.566589227340628,0.5401011227290708,0.5235443947938687,0.4840133110568216,0.5195363197277101,0.03230556161370292,31,0.565838308592911,0.5704381911040892,0.5872614563278803,0.5838642894225717,0.5774191962264534,0.5769642883347812,0.00800282444091426
1.1624805450439453,0.13055801012886967,0.04147958755493164,0.006201089548837889,200,40,2,0.85,sqrt,5,gini,True,"{'n_estimators': 200, 'min_samples_split': 40, 'min_samples_leaf': 2, 'max_samples': 0.85, 'max_features': 'sqrt', 'max_depth': 5, 'criterion': 'gini', 'bootstrap': True}",0.48812025239772616,0.5720811261917684,0.5475444838797706,0.5164802596097507,0.47321661928697306,0.5194885482731978,0.03657109780633079,32,0.6021229418945844,0.6007722133996942,0.6150793916727917,0.6121180221625965,0.6155329383629525,0.6091251014985238,0.006391752460359492
3.1402823448181154,0.2096418120744104,0.10423173904418945,0.017198238195496558,600,20,8,0.7,sqrt,4,log_loss,True,"{'n_estimators': 600, 'min_samples_split': 20, 'min_samples_leaf': 8, 'max_samples': 0.7, 'max_features': 'sqrt', 'max_depth': 4, 'criterion': 'log_loss', 'bootstrap': True}",0.4842391262650713,0.5678339527038826,0.5400546620630612,0.5202800254793766,0.4838179617012691,0.5192451456425321,0.032482259392601874,33,0.5660426232873642,0.5691487924705224,0.5862923430953275,0.5843849012517899,0.5767120412450697,0.5765161402700147,0.008018756634872283
5.574600267410278,0.6411273065992747,0.13875889778137207,0.027694199496510905,600,10,4,,0.5,8,entropy,True,"{'n_estimators': 600, 'min_samples_split': 10, 'min_samples_leaf': 4, 'max_samples': None, 'max_features': 0.5, 'max_depth': 8, 'criterion': 'entropy', 'bootstrap': True}",0.5154975394277015,0.5612133949072273,0.5371580573040599,0.5208762137160737,0.4608978445082731,0.5191286099726671,0.03317604838668825,34,0.7704395627793108,0.7529936043541972,0.7533563123209158,0.7710383223768313,0.7736753440061448,0.76430062916748,0.009149810657563024
5.466699171066284,0.6024561671615161,0.13371772766113282,0.018478463919411704,600,20,4,,0.5,,log_loss,True,"{'n_estimators': 600, 'min_samples_split': 20, 'min_samples_leaf': 4, 'max_samples': None, 'max_features': 0.5, 'max_depth': None, 'criterion': 'log_loss', 'bootstrap': True}",0.5200129833092092,0.5604915812117524,0.5306194325265939,0.5176805091520925,0.4658200574112714,0.5189249127221839,0.030618320718870187,35,0.8255321268741962,0.8115798090845487,0.8166680340087189,0.8226089549447211,0.8282891035388706,0.8209356056902111,0.006062097549789689
3.5440868854522707,0.42502946236448697,0.1302933692932129,0.015404182073720688,600,5,8,0.7,sqrt,,gini,True,"{'n_estimators': 600, 'min_samples_split': 5, 'min_samples_leaf': 8, 'max_samples': 0.7, 'max_features': 'sqrt', 'max_depth': None, 'criterion': 'gini', 'bootstrap': True}",0.5067200264897657,0.5789723803394843,0.5454379727182183,0.5106508914670365,0.4524866488363367,0.5188535839701683,0.04228493079689762,36,0.7368133782306179,0.7279415690711261,0.734778993436673,0.7343186127980531,0.7480496136060724,0.7363804334285085,0.006548089083389815
1.9347056865692138,0.2036094690664814,0.05226879119873047,0.009586757971173782,200,20,2,,0.5,,entropy,True,"{'n_estimators': 200, 'min_samples_split': 20, 'min_samples_leaf': 2, 'max_samples': None, 'max_features': 0.5, 'max_depth': None, 'criterion': 'entropy', 'bootstrap': True}",0.520573796552784,0.5615798128038749,0.5312972068352789,0.512975299516609,0.46775090292325583,0.5188354037263606,0.03042817805055655,37,0.8499664646748522,0.8360372573785291,0.8476518638557803,0.8510371033567905,0.8540284540328467,0.8477442286597597,0.006202169830848595
5.482367372512817,0.5672673389678089,0.14468002319335938,0.036520394491062,800,20,8,0.7,0.75,4,entropy,True,"{'n_estimators': 800, 'min_samples_split': 20, 'min_samples_leaf': 8, 'max_samples': 0.7, 'max_features': 0.75, 'max_depth': 4, 'criterion': 'entropy', 'bootstrap': True}",0.49465556351528495,0.5565386378463477,0.531565582189342,0.524114733375108,0.48229772570298096,0.5178344485258127,0.026556052642483792,38,0.5668614325669441,0.5626070258648237,0.5741374877336334,0.572497651018165,0.5775052336427025,0.5707217661652537,0.0053214196882929565
3.841337060928345,0.2779246848675156,0.09647836685180664,0.01430582088205823,600,5,2,0.85,0.75,4,gini,True,"{'n_estimators': 600, 'min_samples_split': 5, 'min_samples_leaf': 2, 'max_samples': 0.85, 'max_features': 0.75, 'max_depth': 4, 'criterion': 'gini', 'bootstrap': True}",0.496936298512256,0.5574238794338704,0.5299108952307622,0.522043619044806,0.4825319097546523,0.5177693203952695,0.0261299117121003,39,0.5666831829843616,0.5652499750123723,0.5770416860619086,0.5804302064905218,0.5777595089352584,0.5734329118968845,0.006216496135046096
1.7368849277496339,0.1690576659442254,0.03822050094604492,0.00793902349218695,200,20,8,,,5,gini,True,"{'n_estimators': 200, 'min_samples_split': 20, 'min_samples_leaf': 8, 'max_samples': None, 'max_features': None, 'max_depth': 5, 'criterion': 'gini', 'bootstrap': True}",0.5217374875728747,0.5545656141859782,0.5222330819670055,0.5178168264993336,0.4719986434515235,0.5176703307353431,0.026399041212914153,40,0.6073396851413125,0.6064460252437691,0.613989360312204,0.6159796649351483,0.6199352989979116,0.6127380069260691,0.005149876827544535
8.337693357467652,0.4510042855702723,0.2017296314239502,0.07821825175754213,800,5,4,0.7,,6,log_loss,True,"{'n_estimators': 800, 'min_samples_split': 5, 'min_samples_leaf': 4, 'max_samples': 0.7, 'max_features': None, 'max_depth': 6, 'criterion': 'log_loss', 'bootstrap': True}",0.5256043908748372,0.5511777902543455,0.5185935214546444,0.517148057708297,0.47060925191582087,0.516626602441589,0.026061935844580122,41,0.6629708175363435,0.658109992682543,0.6635226314352459,0.6712717992978401,0.6741089162515623,0.6659968314407069,0.00584998901342558
7.074389410018921,0.5243453514276688,0.15565719604492187,0.029626525359010655,800,10,2,0.7,,5,log_loss,True,"{'n_estimators': 800, 'min_samples_split': 10, 'min_samples_leaf': 2, 'max_samples': 0.7, 'max_features': None, 'max_depth': 5, 'criterion': 'log_loss', 'bootstrap': True}",0.5189926049185566,0.5492726666542138,0.5168615336270067,0.5141827103531078,0.4731511617868827,0.5144921354679535,0.02426819099690394,42,0.6193375126656383,0.6168857105474478,0.6259020378381281,0.6257515518351893,0.6284328936220559,0.6232619413016919,0.004380969686736659
2.0217613220214843,0.31457034194826927,0.0901494026184082,0.042245701925075076,400,5,1,0.7,sqrt,5,gini,True,"{'n_estimators': 400, 'min_samples_split': 5, 'min_samples_leaf': 1, 'max_samples': 0.7, 'max_features': 'sqrt', 'max_depth': 5, 'criterion': 'gini', 'bootstrap': True}",0.4817444701001298,0.5646055691664739,0.5387608593051859,0.5055427921093739,0.4774167834898721,0.5136140948342071,0.033536709662286904,43,0.6201218912682829,0.6191516122056634,0.6265306200690123,0.627381495389883,0.6293125724483944,0.6244996382762473,0.004083145222221803
1.9021831035614014,0.26319735980435066,0.0524594783782959,0.015301797266369604,200,10,4,0.85,0.75,10,gini,True,"{'n_estimators': 200, 'min_samples_split': 10, 'min_samples_leaf': 4, 'max_samples': 0.85, 'max_features': 0.75, 'max_depth': 10, 'criterion': 'gini', 'bootstrap': True}",0.5127703222475887,0.5519849577800018,0.5219145586987158,0.5112021188594604,0.46828122579731035,0.5132306366766154,0.02684058202861843,44,0.8311958954694697,0.815751895947722,0.8170021840974098,0.8318620041206612,0.8311067619097887,0.8253837483090102,0.0073691917629216015
6.587605667114258,0.7212999251998943,0.14154152870178222,0.019273098998175822,800,10,1,0.7,,4,entropy,True,"{'n_estimators': 800, 'min_samples_split': 10, 'min_samples_leaf': 1, 'max_samples': 0.7, 'max_features': None, 'max_depth': 4, 'criterion': 'entropy', 'bootstrap': True}",0.4980485816770921,0.5521398867258475,0.513912802853489,0.5196839677860001,0.48027975303736503,0.5128129984159587,0.023964239985970907,45,0.5703140953737706,0.5691470632213016,0.5779542384834737,0.5795822190746475,0.5818242418684694,0.5757643716043326,0.005090928895568646
11.052198505401611,1.1832183567401553,0.1803675651550293,0.01662735567519203,800,40,1,,,,entropy,True,"{'n_estimators': 800, 'min_samples_split': 40, 'min_samples_leaf': 1, 'max_samples': None, 'max_features': None, 'max_depth': None, 'criterion': 'entropy', 'bootstrap': True}",0.5334975899260895,0.5463947659315755,0.5041705132141969,0.5055192954439204,0.4744795259682633,0.5128123380968092,0.025111484211965733,46,0.7503823021078602,0.7317307396503104,0.7414599205095238,0.7477754233275626,0.7538487734838726,0.745039431815826,0.007791926610057086
6.852035570144653,0.7587621888242435,0.14442405700683594,0.022327887281830765,800,40,8,0.85,,4,entropy,True,"{'n_estimators': 800, 'min_samples_split': 40, 'min_samples_leaf': 8, 'max_samples': 0.85, 'max_features': None, 'max_depth': 4, 'criterion': 'entropy', 'bootstrap': True}",0.49926660448575055,0.5490411283378874,0.5136778399193842,0.5219736441393787,0.47877823843690165,0.5125474910638605,0.02340367485293932,47,0.5664270473768191,0.5643334213391621,0.5735235456692983,0.570312575095259,0.5769872857238643,0.5703167750408806,0.0045980346039380445
7.865983581542968,0.8226965742249069,0.18726105690002443,0.052503906960947644,800,5,1,0.85,,5,log_loss,True,"{'n_estimators': 800, 'min_samples_split': 5, 'min_samples_leaf': 1, 'max_samples': 0.85, 'max_features': None, 'max_depth': 5, 'criterion': 'log_loss', 'bootstrap': True}",0.5272419260558303,0.5471743526699918,0.5104999857691838,0.5039714344361897,0.4734412478406004,0.5124657893543592,0.024584352229929683,48,0.6254865110852952,0.6232542983023828,0.6315901464108601,0.6327370276923457,0.6330992888060365,0.6292334544593841,0.004063584391816421
10.309517192840577,1.0797414808721386,0.1760648727416992,0.028670393023763528,800,20,4,,,10,log_loss,True,"{'n_estimators': 800, 'min_samples_split': 20, 'min_samples_leaf': 4, 'max_samples': None, 'max_features': None, 'max_depth': 10, 'criterion': 'log_loss', 'bootstrap': True}",0.5275796467011559,0.5435805883800859,0.5110612411111357,0.51032936785846,0.46618864427248796,0.5117478976646651,0.02585379573456968,49,0.7870539391565043,0.7701142464022878,0.7663987271676695,0.7813029755403978,0.7785554706845861,0.7766850717902892,0.0075009528661646235
2.319389009475708,0.23908708968326386,0.08528456687927247,0.011469115991967904,400,10,2,0.7,sqrt,10,log_loss,True,"{'n_estimators': 400, 'min_samples_split': 10, 'min_samples_leaf': 2, 'max_samples': 0.7, 'max_features': 'sqrt', 'max_depth': 10, 'criterion': 'log_loss', 'bootstrap': True}",0.4990481544061045,0.5557107929037571,0.5331774948320164,0.5106730188387012,0.45897648056813223,0.5115171883097424,0.032677083603731186,50,0.823858455760988,0.81510927648268,0.8116799946350592,0.823810684012376,0.8304934850381068,0.820990379185842,0.00674921673801363
4.278482151031494,0.5505700666766451,0.05253834724426269,0.0017559885466829476,400,5,8,,,10,entropy,True,"{'n_estimators': 400, 'min_samples_split': 5, 'min_samples_leaf': 8, 'max_samples': None, 'max_features': None, 'max_depth': 10, 'criterion': 'entropy', 'bootstrap': True}",0.5092960540600053,0.5386891020882488,0.5145781039832961,0.5209955920052615,0.4711843738389121,0.5109486451951447,0.022215199273877398,51,0.7647433673689585,0.7523121065176845,0.7501616660780245,0.7611737079162324,0.761654864417583,0.7580091424596965,0.005704290531466953
11.881176376342774,0.9844209606969547,0.18714370727539062,0.02842720034503507,800,20,4,,,,log_loss,True,"{'n_estimators': 800, 'min_samples_split': 20, 'min_samples_leaf': 4, 'max_samples': None, 'max_features': None, 'max_depth': None, 'criterion': 'log_loss', 'bootstrap': True}",0.5234116222980593,0.5422143377758598,0.5049068209916994,0.5100867417493556,0.46643313909554224,0.5094105323821032,0.02505959766736206,52,0.8321013492226682,0.8144986795796982,0.8187012586114321,0.826777663228143,0.8260715978752394,0.8236301097034362,0.00624990313313745
2.3837305068969727,0.4251830618259735,0.07867026329040527,0.020904639885139555,400,40,8,,sqrt,4,gini,True,"{'n_estimators': 400, 'min_samples_split': 40, 'min_samples_leaf': 8, 'max_samples': None, 'max_features': 'sqrt', 'max_depth': 4, 'criterion': 'gini', 'bootstrap': True}",0.4709664015300526,0.5588910579870439,0.5285477380664747,0.5100915941209653,0.47427044005410957,0.5085534463517292,0.033238902521327225,53,0.5593010101244739,0.5636543079498602,0.5783989193954387,0.5799481895998209,0.5725294893569481,0.5707663832853085,0.008095753392783081
6.344425392150879,0.5916898685664329,0.14213089942932128,0.027517670146741807,600,5,1,0.85,,6,log_loss,True,"{'n_estimators': 600, 'min_samples_split': 5, 'min_samples_leaf': 1, 'max_samples': 0.85, 'max_features': None, 'max_depth': 6, 'criterion': 'log_loss', 'bootstrap': True}",0.5216128564102077,0.5461885374955521,0.5115648461370993,0.49927218490917463,0.4622723684041249,0.5081821586712317,0.027652875157550983,54,0.6893670986208893,0.6802537148341457,0.6896508301747616,0.6919424723745028,0.6973528889560958,0.689713400992079,0.005530642606901402
6.886683511734009,0.543924575526104,0.1461587905883789,0.015215982891762233,600,10,2,0.85,0.75,,log_loss,True,"{'n_estimators': 600, 'min_samples_split': 10, 'min_samples_leaf': 2, 'max_samples': 0.85, 'max_features': 0.75, 'max_depth': None, 'criterion': 'log_loss', 'bootstrap': True}",0.5077723193811172,0.5421506794453168,0.5090901014187968,0.5105481519850877,0.45924652507366065,0.5057615554607959,0.02655503828768132,55,0.9320457533001747,0.9307474667859044,0.9292231126598824,0.9348800696447204,0.9321315189811834,0.9318055842743732,0.0018657517061812243
5.806500434875488,0.4210825510300182,0.140136194229126,0.015486925700157694,600,20,1,0.7,,,gini,True,"{'n_estimators': 600, 'min_samples_split': 20, 'min_samples_leaf': 1, 'max_samples': 0.7, 'max_features': None, 'max_depth': None, 'criterion': 'gini', 'bootstrap': True}",0.5162432177408968,0.5416232235768108,0.5014545417818721,0.4968900316180741,0.45888826547261213,0.5030198560380532,0.02702850170480316,56,0.7932389983711216,0.7772995505974938,0.7803320418945683,0.7916935003058773,0.7978953476084202,0.7880918877554962,0.007902682264368188
2.438367795944214,0.2009467928445485,0.08647947311401367,0.009848821604293364,400,5,1,,sqrt,8,gini,True,"{'n_estimators': 400, 'min_samples_split': 5, 'min_samples_leaf': 1, 'max_samples': None, 'max_features': 'sqrt', 'max_depth': 8, 'criterion': 'gini', 'bootstrap': True}",0.4896514810161131,0.5611331713012346,0.5324132123747107,0.4888000066250324,0.4349266926988833,0.5013849128031949,0.04300083271820835,57,0.8191654656768735,0.8042394097905159,0.8069822650348063,0.8169466350265792,0.8247998830700781,0.8144267317197705,0.007689075281749674
6.71031174659729,0.6341953463937011,0.14933485984802247,0.022905142174614295,600,10,1,0.7,0.75,,entropy,True,"{'n_estimators': 600, 'min_samples_split': 10, 'min_samples_leaf': 1, 'max_samples': 0.7, 'max_features': 0.75, 'max_depth': None, 'criterion': 'entropy', 'bootstrap': True}",0.5014597867515875,0.5376151981602748,0.5072002941168687,0.5034276582117139,0.45312822800214797,0.5005662330485185,0.027114524141408226,58,0.9234078433376909,0.9193374965728416,0.9182556941849384,0.9233335787112642,0.9226431656400459,0.921395555689356,0.002165922574615247
9.601249265670777,0.6326171963175854,0.16473035812377929,0.019385384082527882,800,20,1,,,,gini,True,"{'n_estimators': 800, 'min_samples_split': 20, 'min_samples_leaf': 1, 'max_samples': None, 'max_features': None, 'max_depth': None, 'criterion': 'gini', 'bootstrap': True}",0.5076147904808018,0.5406386552618557,0.5077634418305534,0.49041914885667104,0.44977309726891507,0.4992418267397595,0.029602083364995195,59,0.8474384519575514,0.8363386520929827,0.8350500335833835,0.8451569237919084,0.8437425252303169,0.8415453173312286,0.004937581054945506
7.796713924407959,0.7331332213444195,0.12720913887023927,0.015273626146154204,600,5,1,0.85,,10,entropy,True,"{'n_estimators': 600, 'min_samples_split': 5, 'min_samples_leaf': 1, 'max_samples': 0.85, 'max_features': None, 'max_depth': 10, 'criterion': 'entropy', 'bootstrap': True}",0.49829181336092815,0.5213985396872876,0.5010184574973979,0.47066989973927537,0.4467897637662226,0.4876336948102223,0.02603385933411055,60,0.928988470214887,0.9134539299545046,0.9046302144513885,0.921586784957448,0.9199011994558036,0.9177121198068063,0.0082003610507273
